facility_id,facility_name,facility_type,district,crs,risk_level,last_updated,complete_address,street_address,addr:city,addr:district,addr:subdistrict,addr:postcode,addr:state
node/6956627669,Raipur Institute Of Medical Sciences Hospital,Hospital,RAIPUR,0.375,High,14-03-2026 02:31,"Bhansoj Road, N.H-6,M.M.Funcit",,,Raipur,,492101,Chhattisgarh
node/7148125239,Government hospital arang,Hospital,RAIPUR,0.375,High,14-03-2026 02:31,"Ward No 07, Near Police Station",,,Raipur,Arang,493441,Chhattisgarh
node/7148125257,Goverment hospital Gobra Nawapara,Hospital,RAIPUR,0.375,High,14-03-2026 02:31,"Gobra, NEAR THE NAGAR PALIKA",,,Raipur,Abhanpur,493881,Chhattisgarh
node/12276858430,"Campion School, Raipur",School,RAIPUR,0.375,High,14-03-2026 02:31,"Vidhan Sabha Road, Amaseoni, Raipur, Raipur,  49311.0","Vidhan Sabha Road, Amaseoni",Raipur,Raipur,,49311,
node/6965834182,Jyoti Hospital and Prasuti Griha,Hospital,RAIPUR,0.39430115,High,14-03-2026 02:31,"Setpal Nagar, Tilda Neora Post",,,Raipur,,493114,Chhattisgarh
node/7148125143,"Government Hospital, Tilda",Hospital,RAIPUR,0.39430115,High,14-03-2026 02:31,Railway Station Road,,,Raipur,Tilda,493114,Chhattisgarh
node/6966792004,Evangelical Mission Hospital,Hospital,RAIPUR,0.39430115,High,14-03-2026 02:31,"Tilda, Po - Neora",,,Raipur,,493114,Chhattisgarh
node/6966522779,Mgm Eye Hospital,Hospital,RAIPUR,0.401228651,Medium,14-03-2026 02:31,"5Th Mile, Vidhan Sabha Road",,,Raipur,,492001,Chhattisgarh
node/4445255005,Bharatiya vidya bhuvans R.K. sarda vidya mandir,School,RAIPUR,0.401228651,Medium,14-03-2026 02:31,"saddu-baronda roadraronda raipur,, raipur,  492007.0",saddu-baronda roadraronda raipur,raipur,,,492007,
node/7148125120,Government Hospital Uparwara,Hospital,RAIPUR,0.451953957,Medium,14-03-2026 02:31,NEAR THE Government H S SCHOOL UPARWARA,,,Raipur,Abhanpur,493661,Chhattisgarh
node/4445112827,Narayana Hrudayalaya Mmi Hospital (Managed By Narayana Hrudayalaya Pvt Ltd - Bangalore) - Raipur,Hospital,RAIPUR,0.478182608,Medium,14-03-2026 02:31,"Dhamtari Road, Lalpur Near Pachpedi Naka","Dhamtari Road, Lalpur",Raipur,Raipur,,492015,Chhattisgarh
node/4445126014,Mayoor school,School,RAIPUR,0.478182608,Medium,14-03-2026 02:31,"Shree prahalad ahuya foundation, katora Talab civil lines talab,, raipur,  492001.0","Shree prahalad ahuya foundation, katora Talab civil lines talab",raipur,,,492001,
node/4445117924,Krishna Public School,School,RAIPUR,0.478182608,Medium,14-03-2026 02:31,"Devpuni-dunda road krishna puram dundaraipur,, raipur,  492015.0",Devpuni-dunda road krishna puram dundaraipur,raipur,,,492015,
node/4445119946,Shri Ganesh Vinayak Eye Hospital,Hospital,RAIPUR,0.478182608,Medium,14-03-2026 02:31,"Infront of colors mall, Dhamtari road,, Raipur,  492001.0","Infront of colors mall, Dhamtari road",Raipur,,,492001,
node/4445120486,Holy Heartseducational academy,School,RAIPUR,0.478182608,Medium,14-03-2026 02:31,"Near IDBI bank civil lines katara Talab raipur,, raipur,  492001.0",Near IDBI bank civil lines katara Talab raipur,raipur,,,492001,
node/3774564938,bagri nursing home,Hospital,RAIPUR,0.478182608,Medium,14-03-2026 02:31,"budhapara,, Raipur,  492001.0",budhapara,Raipur,,,492001,
node/4445258453,MGM school,School,RAIPUR,0.478182608,Medium,14-03-2026 02:31,"Gayatri nagar,shankar nagar raipur,, raipur,  492007.0","Gayatri nagar ,shankar nagar raipur",raipur,,,492007,
node/4445382462,Ryan International School,School,RAIPUR,0.478182608,Medium,14-03-2026 02:31,"Avanthi Vihar Colony, Labhandi, Ravigram,, Raipur,  492006.0","Avanthi Vihar Colony, Labhandi, Ravigram,",Raipur,,,492006,
node/4446574875,Grass Memorial Ground,School,RAIPUR,0.478182608,Medium,14-03-2026 02:31,"Raj Bhavan Rd, Civil Lines,, Raipur,  492001.0","Raj Bhavan Rd, Civil Lines",Raipur,,,492001,
node/4711002386,Mittal Hospital,Hospital,RAIPUR,0.478182608,Medium,14-03-2026 02:31,"Beside crystal arcade,, raipur,  492001.0",Beside crystal arcade,raipur,,,492001,
node/5556568170,Navkar Hospital and Maternity Home,Hospital,RAIPUR,0.478182608,Medium,14-03-2026 02:31,"C-63, Shailendra Nagar, Near Rajendra Nagar Police Chowki",,,Raipur,,492001,Chhattisgarh
node/6283904436,Dispensary,Hospital,RAIPUR,0.478182608,Medium,14-03-2026 02:31,"GE Road,, raipur",GE Road,raipur,,,,
node/6950645744,Karma Hospital,Hospital,RAIPUR,0.478182608,Medium,14-03-2026 02:31,Telibandha,,,Raipur,,492006,Chhattisgarh
node/6950645749,Chhattisgarh Eye Hospital,Hospital,RAIPUR,0.478182608,Medium,14-03-2026 02:31,Near Shyam Nagar,,,Raipur,,492001,Chhattisgarh
node/6956627645,"Samarpan Hospital, Raipur",Hospital,RAIPUR,0.478182608,Medium,14-03-2026 02:31,Om Santi Niketan School Adarsh Nagar Mowa,,,Raipur,,492001,Chhattisgarh
node/4445129008,Vardaan Hospital (Unit Of Jindal Medicare),Hospital,RAIPUR,0.478182608,Medium,14-03-2026 02:31,"Sector - 1, Shankar Nagar","Infront of shankar nagargarden, main road, sector-1, shankar nagar,",Raipur,Raipur,,492007,Chhattisgarh
node/4445146001,Yashwant Hospital,Hospital,RAIPUR,0.478182608,Medium,14-03-2026 02:31,"TatyaparaChowk, GE road, Tatyapara Raipur,, Raipur,  492001.0","TatyaparaChowk, GE road, Tatyapara Raipur",Raipur,,,492001,
node/4445137285,Bal Gopal Children Hospital and Research Institute,Hospital,RAIPUR,0.478182608,Medium,14-03-2026 02:31,"Opposite Ashirwad Bhawan, Byron Bazar","Near mahila police thane, byron bazar road",Raipur,Raipur,,492001,Chhattisgarh
node/4445158557,Bharat Mata higher secondary school,School,RAIPUR,0.478182608,Medium,14-03-2026 02:31,"GE roadtatibandh raipur,, raipur,  492001.0",GE roadtatibandh raipur,raipur,,,492001,
node/4445165297,Dronacharya public school,School,RAIPUR,0.478182608,Medium,14-03-2026 02:31,"Newrajendra nagar raipur,, raipur,  492001.0",Newrajendra nagar raipur,raipur,,,492001,
node/4445176350,The Radient Way School,School,RAIPUR,0.478182608,Medium,14-03-2026 02:31,"Pt. ravi shankar shukla university campus, raipur,, raipur,  492010.0","Pt. ravi shankar shukla university campus, raipur",raipur,,,492010,
node/4445104811,Ramkrishna Care Hospital,Hospital,RAIPUR,0.478182608,Medium,14-03-2026 02:31,"(Ramkrishna Care Medical Sciences Pvt Ltd) Aurobindo Enclave,Pachpedi Naka,Dhamatri Road","Aurobindo Enclave, Pachpedi Naka, Dhamtari Road, NH43,",Raipur,Raipur,,492001,Chhattisgarh
node/6957120067,Srimaa Sarada Arogyadham,Hospital,RAIPUR,0.478182608,Medium,14-03-2026 02:31,"Madhav Rao Sapre Ward, a",,,Raipur,,492001,Chhattisgarh
node/6956629791,Prannath Mission Hospital,Hospital,RAIPUR,0.478182608,Medium,14-03-2026 02:31,"Street No. 4, Sanmati Nagar, Near Jain Mandir, Fafadih",,,Raipur,,492009,Chhattisgarh
node/6956629796,Piles Care Hospital,Hospital,RAIPUR,0.478182608,Medium,14-03-2026 02:31,"Raja Talab Road, Near Ghari Chowk",,,Raipur,,492001,Chhattisgarh
node/6956629801,Tharani Children Hospital And Dental Clinic,Hospital,RAIPUR,0.478182608,Medium,14-03-2026 02:31,"Opposite Vijayta Complex. Main Road, New Rajendra Nagar",,,Raipur,,492001,Chhattisgarh
node/6956629810,Dr. M.R. Bhagwat Memorial Hospital,Hospital,RAIPUR,0.478182608,Medium,14-03-2026 02:31,"7, South Avenue, Choubey Colony",,,Raipur,,492001,Chhattisgarh
node/6956629815,Kalda Plastic and Cosmetic Surgery Institute and Burn Centre,Hospital,RAIPUR,0.478182608,Medium,14-03-2026 02:31,"G.E. Road,Choubey Colony",,,Raipur,,492001,Chhattisgarh
node/6956629976,Vidya Hospital And Kidney Centre,Hospital,RAIPUR,0.478182608,Medium,14-03-2026 02:31,Shankar Nagar Main Road,,,Raipur,,492007,Chhattisgarh
node/6956655133,Shri Aurobindo Medical Research Centre,Hospital,RAIPUR,0.478182608,Medium,14-03-2026 02:31,"Pachmedi Naka, Dhamtari Road",,,Raipur,,492001,Chhattisgarh
node/6956655140,Shree Sai Care Hospital,Hospital,RAIPUR,0.478182608,Medium,14-03-2026 02:31,"Infront Of Dwarika Mandir New Tilak Society, Avanti Vihar, Telibandha Road",,,Raipur,,492001,Chhattisgarh
node/6956655145,Shree Medishine Hospital - Raipur,Hospital,RAIPUR,0.478182608,Medium,14-03-2026 02:31,New Rajendra Nagar Amlidih Near Drowanacharya School,,,Raipur,,492015,Chhattisgarh
node/6956655152,Sarvodaya Hospital and Maternity Center,Hospital,RAIPUR,0.478182608,Medium,14-03-2026 02:31,"Dubey Colony, Mowa, Near Mowa Police Station",,,Raipur,,492007,Chhattisgarh
node/6957120029,Visharad Hospital,Hospital,RAIPUR,0.478182608,Medium,14-03-2026 02:31,Opposite Subhash Stadium,,,Raipur,,492001,Chhattisgarh
node/6957120034,Urmila Memorial Multispeciality Hospital,Hospital,RAIPUR,0.478182608,Medium,14-03-2026 02:31,"Behind Cg Elite Building, Ashoka Gali, Pandari",,,Raipur,,492001,Chhattisgarh
node/6957120039,"Upadhyay Hospital, Raipur",Hospital,RAIPUR,0.478182608,Medium,14-03-2026 02:31,"Arjun Vihar Heerapur Road, Opp: Harshit Tower",,,Raipur,,492001,Chhattisgarh
node/6957120057,Subham Hospital and Maternity Home,Hospital,RAIPUR,0.478182608,Medium,14-03-2026 02:31,"Near Shukrari Bazar, Gudhiyari",,,Raipur,,492001,Chhattisgarh
node/6957120062,Subba Rao Hospital,Hospital,RAIPUR,0.478182608,Medium,14-03-2026 02:31,"Near Hotel Celebration, Bastar Bada, Bastar Bada Jail Road",,,Raipur,,492009,Chhattisgarh
node/6965495374,Sahai Hospital,Hospital,RAIPUR,0.478182608,Medium,14-03-2026 02:31,Tagore Nagar Square,,,Raipur,,492001,Chhattisgarh
node/6957120077,Sobhagya Hospital,Hospital,RAIPUR,0.478182608,Medium,14-03-2026 02:31,Sivanand Nagar Sector-1 Near Hawa Ghar,,,Raipur,,492001,Chhattisgarh
node/6957120082,"Shri Ram Hospital, Raipur",Hospital,RAIPUR,0.478182608,Medium,14-03-2026 02:31,"Daganiya Road, Sundar Nagar Road",,,Raipur,,492001,Chhattisgarh
node/6957133287,Shri Balaji Institute Of Medical Science Pvt Ltd,Hospital,RAIPUR,0.478182608,Medium,14-03-2026 02:31,"Ekta Chow Duby Colony, Near Moina Police Station",,,Raipur,,492010,Chhattisgarh
node/6957503647,"Pathak Hospital, Raipur",Hospital,RAIPUR,0.478182608,Medium,14-03-2026 02:31,Nand Kumar Pathak Fafadih Naka,,,Raipur,,492001,Chhattisgarh
node/6957503652,Gbg Kidney Care Hospital,Hospital,RAIPUR,0.478182608,Medium,14-03-2026 02:31,New Rajendra Nagar,,,Raipur,,492001,Chhattisgarh
node/6965495354,Modi Hospital,Hospital,RAIPUR,0.478182608,Medium,14-03-2026 02:31,"Samta Colony, Main Road",,,Raipur,,492001,Chhattisgarh
node/6965495359,Jagjivan Urology Centre,Hospital,RAIPUR,0.478182608,Medium,14-03-2026 02:31,B-4 Samta Colony Main Road,,,Raipur,,492001,Chhattisgarh
node/6965497709,Ganpati Hospital (Banthia Hospital),Hospital,RAIPUR,0.478182608,Medium,14-03-2026 02:31,Rajatalab Road,,,Raipur,,492001,Chhattisgarh
node/6950645773,Devi Laxmi Hospital,Hospital,RAIPUR,0.478182608,Medium,14-03-2026 02:31,B-19/5 Ring Road Tagore Nagar,,,Raipur,,492001,Chhattisgarh
node/6950646487,Sanjeevani Cbcc Usa Cancer Hospital,Hospital,RAIPUR,0.478182608,Medium,14-03-2026 02:31,"Infront Of Jain Mandir, Near Ramkrishna Care Hospital,Dawada Colony,Pachpedi Naka",,,Raipur,,492001,Chhattisgarh
node/6953541281,Aashirwad Fertility and Endoscopy Center,Hospital,RAIPUR,0.478182608,Medium,14-03-2026 02:31,Danganiya Near Shitla Mandir,,,Raipur,,492001,Chhattisgarh
node/6956627655,Sai Kalayan Hospital And Icu,Hospital,RAIPUR,0.478182608,Medium,14-03-2026 02:31,"Near Jagannath Mandir, Gayatri Nagar",,,Raipur,,492002,Chhattisgarh
node/6956627650,Sai Sushrusha Hospital,Hospital,RAIPUR,0.478182608,Medium,14-03-2026 02:31,"Behind Aashirwad Bhawan,Byron Bazar",,,Raipur,,492001,Chhattisgarh
node/6956627660,Sai Baba Eye Hospital,Hospital,RAIPUR,0.478182608,Medium,14-03-2026 02:31,"Near Choti Line, Fafadih",,,Raipur,,492001,Chhattisgarh
node/4445113471,Suyash Superspeciality Hospital,Hospital,RAIPUR,0.478182608,Medium,14-03-2026 02:31,"Kota Gudhiyari Road, Behind Hotel Piccadilly","Gudhiyari Road, Behind hotel piccadily, kota",Raipur,Raipur,,492010,Chhattisgarh
node/6968263373,Pt.J N M Medical College Hospital,Hospital,RAIPUR,0.478182608,Medium,14-03-2026 02:31,"Pt.Jawaharlal Nehru Memorial Medical College, Jail Road",,,Raipur,,492001,Chhattisgarh
node/6965497724,Jeewan Memorial Hospital For Plastic Surgery and Uro,Hospital,RAIPUR,0.478182608,Medium,14-03-2026 02:31,New Shanti Nagar,,,Raipur,,492001,Chhattisgarh
node/6965497714,"Yashwant Hospital, Raipur",Hospital,RAIPUR,0.478182608,Medium,14-03-2026 02:31,Tatyapara,,,Raipur,,492001,Chhattisgarh
node/6965497719,"Tripathi Hospital, Raipur",Hospital,RAIPUR,0.478182608,Medium,14-03-2026 02:31,New Shanti Nagar,,,Raipur,,492001,Chhattisgarh
node/6965497699,Nigam Ent Hospital,Hospital,RAIPUR,0.478182608,Medium,14-03-2026 02:31,Shanti Nagar,,,Raipur,,492001,Chhattisgarh
node/6965497689,P D Jethani Memorial Hospital and Diagnostic Center,Hospital,RAIPUR,0.478182608,Medium,14-03-2026 02:31,Near Khamtarai Bazar,,,Raipur,,492001,Chhattisgarh
node/6965495384,"Pragya Hospital, Raipur",Hospital,RAIPUR,0.478182608,Medium,14-03-2026 02:31,"13, Anand Nagar",,,Raipur,,492001,Chhattisgarh
node/6965497729,Om Netra Kendra,Hospital,RAIPUR,0.478182608,Medium,14-03-2026 02:31,Main Road Pandri,,,Raipur,,492001,Chhattisgarh
node/6965834122,Bachpan Hospital,Hospital,RAIPUR,0.478182608,Medium,14-03-2026 02:31,"Mahadev Ghat Road, Ring Road Chowk",,,Raipur,,492013,Chhattisgarh
node/6965834136,Bhattar Hospital,Hospital,RAIPUR,0.478182608,Medium,14-03-2026 02:31,"Near Mahila Thana, Aashirwad Bhawan",,,Raipur,,492001,Chhattisgarh
node/6965834146,City Hospital And Research Centre,Hospital,RAIPUR,0.478182608,Medium,14-03-2026 02:31,"Geeta Nagar, Choubey Colony",,,Raipur,,492001,Chhattisgarh
node/6965834156,Devkripa Hospital and Doctor Plaza,Hospital,RAIPUR,0.478182608,Medium,14-03-2026 02:31,"Kuehna Road, Infront Of Cseb Sub Station Shankar Nagar",,,Raipur,,492007,Chhattisgarh
node/6965497749,Dr. Rajehwari Kulkarni Surgical Hospital And Dia,Hospital,RAIPUR,0.478182608,Medium,14-03-2026 02:31,"Sector-1, B/15, Devendra Nagar",,,Raipur,,492001,Chhattisgarh
node/6965497734,Roopjeevan Hospital,Hospital,RAIPUR,0.478182608,Medium,14-03-2026 02:31,Sai Nagar Devendra Nagar Road,,,Raipur,,492001,Chhattisgarh
node/6965497739,Jubesta Hospital,Hospital,RAIPUR,0.478182608,Medium,14-03-2026 02:31,Devendra Nagar,,,Raipur,,492001,Chhattisgarh
node/6965497744,"Jain Hospital, Raipur",Hospital,RAIPUR,0.478182608,Medium,14-03-2026 02:31,"B 162, Sector-1, Devendra Nagar",,,Raipur,,492001,Chhattisgarh
node/6965834177,"Heritage Hospital, Raipur",Hospital,RAIPUR,0.478182608,Medium,14-03-2026 02:31,"Sec-2, Devendra Nagar",,,Raipur,,492001,Chhattisgarh
node/6965834176,Eye and Ent Hospital,Hospital,RAIPUR,0.478182608,Medium,14-03-2026 02:31,"Near New Bus Stand, Beside Rajgharana",,,Raipur,,492001,Chhattisgarh
node/6965834166,Dr. Sandeep Bhagwat Orthopedic Hospital,Hospital,RAIPUR,0.478182608,Medium,14-03-2026 02:31,"B-20, Ravi Nagar, Near Bus Stand, Pandri",,,Raipur,,492001,Chhattisgarh
node/6965836187,K G N Surical and Maternity Centre,Hospital,RAIPUR,0.478182608,Medium,14-03-2026 02:31,"Fawara Chowk, Byron Bazar",,,Raipur,,492001,Chhattisgarh
node/6965836202,Mahadev Hospital,Hospital,RAIPUR,0.478182608,Medium,14-03-2026 02:31,"Opposite Lpg Petrol Pump, Mahadev Ghat Road",,,Raipur,,492001,Chhattisgarh
node/6965836211,Mishra Speciality Hospital,Hospital,RAIPUR,0.478182608,Medium,14-03-2026 02:31,"Road Next To Sbi, Near Patidar Bhavan, Fafdih",,,Raipur,,492001,Chhattisgarh
node/6965836192,K.M. Hospital,Hospital,RAIPUR,0.478182608,Medium,14-03-2026 02:31,"Behind Indian Coffee House, Banstal",,,Raipur,,492001,Chhattisgarh
node/6965836197,M. M. Hospital,Hospital,RAIPUR,0.478182608,Medium,14-03-2026 02:31,"Jailaxmi Complex, Main Road",,,Raipur,,492001,Chhattisgarh
node/6965836221,M D Hospital and Iccu,Hospital,RAIPUR,0.478182608,Medium,14-03-2026 02:31,"358, Samta Colony",,,Raipur,,492001,Chhattisgarh
node/6965836216,Matra Smriti Hospital,Hospital,RAIPUR,0.478182608,Medium,14-03-2026 02:31,Gondwara Road Near Chirkuti Mandir,,,Raipur,,492001,Chhattisgarh
node/6966551463,Suprita Hospital,Hospital,RAIPUR,0.478182608,Medium,14-03-2026 02:31,Jail Road,,,Raipur,,492001,Chhattisgarh
node/6966792010,Lifeworth Super Speciality Hospital,Hospital,RAIPUR,0.478182608,Medium,14-03-2026 02:31,"Main Road, Samata Colony",,,Raipur,,492001,Chhattisgarh
node/6965834161,Dr. Jaulkar Ent Hospital,Hospital,RAIPUR,0.478182608,Medium,14-03-2026 02:31,"Purani Basti Thana Chowk, Kankalipara Road",,,Raipur,,492001,Chhattisgarh
node/6965497759,Ekta Institute Of Child Health,Hospital,RAIPUR,0.478182608,Medium,14-03-2026 02:31,Raipur,,,Raipur,,492001,Chhattisgarh
node/6965834116,Ayush Hospital and Maternity Home,Hospital,RAIPUR,0.478182608,Medium,14-03-2026 02:31,"C-9 Ashoka Ratan, Vidhan Sabha Road Shankar Nagar",,,Raipur,,492001,Chhattisgarh
node/6965834121,Ayushman Hospital and Diagnostic Institute,Hospital,RAIPUR,0.478182608,Medium,14-03-2026 02:31,Opp:Sunder Nagar Gate Mahender Ghat Road,,,Raipur,,492001,Chhattisgarh
node/7288964644,We Care Super Specialty Hospital,Hospital,RAIPUR,0.478182608,Medium,14-03-2026 02:31,"Ring Road, Besides Airtel Office, Mahaveer Nagar Road, Shatabdi Nagar, Telibandha, Raipur",,,Raipur,,492006,Chhattisgarh
node/6966904976,Agrasen Hospital,Hospital,RAIPUR,0.478182608,Medium,14-03-2026 02:31,Opp: Krishna Talkies Ramanath Bhimsen Bhawan,,,Raipur,,492001,Chhattisgarh
node/6966904930,"Sahu Hospital, Raipur",Hospital,RAIPUR,0.478182608,Medium,14-03-2026 02:31,"7150, Devendra Nagar, Near Sai Mandir",,,Raipur,,492001,Chhattisgarh
node/6966904907,Shri Manulal Memorial Medical Centre,Hospital,RAIPUR,0.478182608,Medium,14-03-2026 02:31,"Lakhe Nagar Chowk, Opposite Mai Ki Bagiya, Lakhe Nagar",,,Raipur,,492001,Chhattisgarh
node/6968280856,Arihant Netralaya,Hospital,RAIPUR,0.478182608,Medium,14-03-2026 02:31,"Bijali Office Chowk, Bhudha Para",,,Raipur,,492001,Chhattisgarh
node/6968280774,"Sanjeewan Hospital, Raipur",Hospital,RAIPUR,0.478182608,Medium,14-03-2026 02:31,"Near Postal Colony, Sanjay Nagar",,,Raipur,,492001,Chhattisgarh
node/6968280740,"Kanwar Hospital, Raipur",Hospital,RAIPUR,0.478182608,Medium,14-03-2026 02:31,"Gaushala Road, Near Telephone Exchange",,,Raipur,,493118,Chhattisgarh
node/6968280745,Raipur Hospital,Hospital,RAIPUR,0.478182608,Medium,14-03-2026 02:31,Kutchery Chowk,,,Raipur,,492001,Chhattisgarh
node/7148125258,Shri Khudadad Dungaji Government Ayurved College Hospital,Hospital,RAIPUR,0.478182608,Medium,14-03-2026 02:31,"Great Eastern Road, Near NIt College, opposite to Central Library, Raipur",,,Raipur,Raipur,492001,Chhattisgarh
node/7148125099,Govt. T.B. Hospital,Hospital,RAIPUR,0.478182608,Medium,14-03-2026 02:31,"Kali Badi chowk, Raipur",,,Raipur,Raipur,492006,Chhattisgarh
node/7148125202,"Government hospital,Khokhopara",Hospital,RAIPUR,0.478182608,Medium,14-03-2026 02:31,"Chandwada, Patel Para, Raipur",,,Raipur,Raipur,492001,Chhattisgarh
node/7148125255,District Hospital Raipur,Hospital,RAIPUR,0.478182608,Medium,14-03-2026 02:31,"Janta Colony, Raipur,",,,Raipur,,492001,Chhattisgarh
node/7148125312,Labhandhi Government Hospital,Hospital,RAIPUR,0.478182608,Medium,14-03-2026 02:31,Behind of labhandi School,,,Raipur,Raipur,492012,Chhattisgarh
node/7148125308,Government Hospital,Hospital,RAIPUR,0.478182608,Medium,14-03-2026 02:31,"Kashiram Nagar, Sai Vihar Colony, Raipur",,,Raipur,Raipur,492001,Chhattisgarh
node/7288964595,Shri Balaji Hospital,Hospital,RAIPUR,0.478182608,Medium,14-03-2026 02:31,"Raipur Road, RDA Colony, Tikrapara",,,Raipur,,492001,Chhattisgarh
node/7288964599,Jeevan Anmol Hospital,Hospital,RAIPUR,0.478182608,Medium,14-03-2026 02:31,"Near MLA Guest House, Tagore Nagar, Raipur, Chhattisgarh",,,Raipur,,492001,Chhattisgarh
node/7288964664,Anand Shree Hospital,Hospital,RAIPUR,0.478182608,Medium,14-03-2026 02:31,"Daganiya, Amanaka, Raipur",,,Raipur,,492001,Chhattisgarh
node/7288964602,Madhumeet Hospital,Hospital,RAIPUR,0.478182608,Medium,14-03-2026 02:31,"Shiv Mandir Chowk, Avanti Vihar Road, near Radha Krishna Mandir, Shankar Nagar, Raipur",,,Raipur,,492001,Chhattisgarh
node/7288964603,Shri Krishna Hospital,Hospital,RAIPUR,0.478182608,Medium,14-03-2026 02:31,"Main Road, Sector 2, Priyadarshini Nagar Colony, New Rajendra Nagar, Raipur",,,Raipur,,492001,Chhattisgarh
node/7288964610,Raipura Hospital,Hospital,RAIPUR,0.478182608,Medium,14-03-2026 02:31,"Mahadev Ghat Road, Maitri Nagar, Sunder Nagar, Raipur",,,Raipur,,492001,Chhattisgarh
node/7288964613,Awasthi Hospital,Hospital,RAIPUR,0.478182608,Medium,14-03-2026 02:31,"Katora Talab Main Road, Janta Colony, Raipur, Chhattisgarh",,,Raipur,,492001,Chhattisgarh
node/7288964616,Om Superspeciality Hospital,Hospital,RAIPUR,0.478182608,Medium,14-03-2026 02:31,"Vikas Vihar Colony, Changurabhata, Raipur, Chhattisgarh",,,Raipur,,492013,Chhattisgarh
node/7288964641,Kankali Hospital Parisar,Hospital,RAIPUR,0.478182608,Medium,14-03-2026 02:31,"Shop Number 7, Kankali hospital Parisar, Tatyapara, Kankalipara Chowk",,,Raipur,,492001,Chhattisgarh
node/7288964642,Anjali Children Hospital,Hospital,RAIPUR,0.478182608,Medium,14-03-2026 02:31,"Telibandha Ring Road, Near Panchmukhi Hanuman Temple, Pachpedi Naka, Raipur",,,Raipur,,492001,Chhattisgarh
node/7288964673,Shri Jagannath Multispeciality Hospital,Hospital,RAIPUR,0.478182608,Medium,14-03-2026 02:31,"csidc, Mahadev Ghat Road, Raipura Chowk Road, near Raipur",,,Raipur,,492013,Chhattisgarh
node/7288964648,District Police Hospital,Hospital,RAIPUR,0.478182608,Medium,14-03-2026 02:31,"Janta Colony,Raipur",,,Raipur,,492001,Chhattisgarh
node/7288964653,Dr Manoj Agrwal,Hospital,RAIPUR,0.478182608,Medium,14-03-2026 02:31,"Indravati Colony, Raipur",,,Raipur,,492001,Chhattisgarh
node/7288964658,Avanti Hospital,Hospital,RAIPUR,0.478182608,Medium,14-03-2026 02:31,"Shankar Nagar, Raipur",,,Raipur,,492001,Chhattisgarh
node/7288964676,Gayatri Hospital,Hospital,RAIPUR,0.478182608,Medium,14-03-2026 02:31,"Rohinipuram, Behind Ralas Enclave, Daganiya, Raipur",,,Raipur,,492010,Chhattisgarh
node/7288964666,Life Line Hospital,Hospital,RAIPUR,0.478182608,Medium,14-03-2026 02:31,"Mahadev Ghat Road, Maitri Nagar, Sunder Nagar, Raipur",,,Raipur,,492001,Chhattisgarh
node/7288964679,Vijaya durga hospital,Hospital,RAIPUR,0.478182608,Medium,14-03-2026 02:31,"Budhapara, Raipur",,,Raipur,,492001,Chhattisgarh
node/4445182024,Holy cross senior secondary school,School,RAIPUR,0.478182608,Medium,14-03-2026 02:31,"Byson Bazar near gopal childrens hospital raipur,, raipur,  492001.0",Byson Bazar near gopal childrens hospital raipur,raipur,,,492001,
node/7736593775,Shri Venkatesh School,School,RAIPUR,0.478182608,Medium,14-03-2026 02:31,"Street no 3, Dwarika Vihar,, raipur,  492001.0","Street no 3, Dwarika Vihar",raipur,,,492001,
node/8322190354,Daffodils English School,School,RAIPUR,0.478182608,Medium,14-03-2026 02:31,"Near Suyash Hospital, Kota Gudhiyari Road,, Raipur,  492010.0","Near Suyash Hospital, Kota Gudhiyari Road",Raipur,,,492010,
node/7288964683,Dr Nigam Hospital,Hospital,RAIPUR,0.478182608,Medium,14-03-2026 02:31,"Raipur, Katora Talab, Civil Lines, Raipur",,,Raipur,,492001,Chhattisgarh
node/7288964681,Rajdhani Super Speciality Hospital,Hospital,RAIPUR,0.478182608,Medium,14-03-2026 02:31,"Pachpedi Naka Road, Laxmi Nagar, Postal Colony, Pachpedi Naka, Raipur, Chhattisgarh",,,Raipur,,492001,Chhattisgarh
node/7291844243,Virdi Hospital,Hospital,RAIPUR,0.478182608,Medium,14-03-2026 02:31,"Moudhapara Link Road, near Gurunanak Chowk, Raipur",,,Raipur,,492001,Chhattisgarh
node/7291844245,DKS Super Speciality Hospital,Hospital,RAIPUR,0.478182608,Medium,14-03-2026 02:31,"Ghadi chowk, Chhattisgarh",,,Raipur,,492002,Chhattisgarh
node/7291844258,Mamta Hospital,Hospital,RAIPUR,0.478182608,Medium,14-03-2026 02:31,"ramnani gali, Jawahar Nagar, Raipur",,,Raipur,,492009,Chhattisgarh
node/7288964686,Shubham Hospital,Hospital,RAIPUR,0.478182608,Medium,14-03-2026 02:31,"Sunder Nagar, Raipur",,,Raipur,,492013,Chhattisgarh
node/7291844275,Shri Mahaveer Hospital,Hospital,RAIPUR,0.478182608,Medium,14-03-2026 02:31,"Kachna Pahuch Marg, Geetanjali Colony, Shankar Nagar, Raipur",,,Raipur,,492007,Chhattisgarh
node/7291844281,Lotus Hospital & Advance Urology Center,Hospital,RAIPUR,0.478182608,Medium,14-03-2026 02:31,"Govind Nagar, Raipur",,,Raipur,,492001,Chhattisgarh
node/7291844299,Chand Rani Sardari Lal Speciality EYE And ENT Hospital,Hospital,RAIPUR,0.478182608,Medium,14-03-2026 02:31,"Fafadih, shantinagar, Raipur",,,Raipur,,492001,Chhattisgarh
node/7291844302,Petals Newborn And Children Hospital,Hospital,RAIPUR,0.478182608,Medium,14-03-2026 02:31,"Bhimsen bhawan marg, Samta Colony, Raipur",,,Raipur,,492001,Chhattisgarh
node/7291844307,Shashwat Hospital,Hospital,RAIPUR,0.478182608,Medium,14-03-2026 02:31,"Badhai Para Road, Ramya Para, Jorapara, Jawahar Nagar, Raipur",,,Raipur,,492001,Chhattisgarh
node/7291844314,Sagar Multi Speciality Hospital,Hospital,RAIPUR,0.478182608,Medium,14-03-2026 02:31,"Gayatri Nagar, Geetanjali Colony, Shankar Nagar, Raipur",,,Raipur,,492007,Chhattisgarh
node/7291844320,Sankalp Hospital,Hospital,RAIPUR,0.478182608,Medium,14-03-2026 02:31,"Salasara Green, Ring Road Number 1, Sarona",,,Raipur,,492010,Chhattisgarh
node/7291844264,"Om Hospital , Burn Plastic & Cosmetic Surgery Center",Hospital,RAIPUR,0.478182608,Medium,14-03-2026 02:31,"Badaipara, Jawahar Nagar, Raipur",,,Raipur,,492001,Chhattisgarh
node/10939721749,A.S.M DENTAL CLINIC,Hospital,RAIPUR,0.478182608,Medium,14-03-2026 02:31,"DD NAGAR,, RAIPUR,  492010.0",DD NAGAR,RAIPUR,,,492010,
node/10939807399,Shreevedam Dental and Aryuvedic Clinic,Hospital,RAIPUR,0.478182608,Medium,14-03-2026 02:31,"DDU Nagar Sector 1,, Raipur,  492010.0",DDU Nagar Sector 1,Raipur,,,492010,
node/7148125111,Government Hospital Farfoud,Hospital,RAIPUR,0.625,Medium,14-03-2026 02:31,"Farhada Road, High School",,,Raipur,Arang,493441,Chhattisgarh
node/4994374903,primary government hospital Bangoli,Hospital,RAIPUR,0.625,Medium,14-03-2026 02:31,"Dipo para Bangoli,, Raipur",Dipo para Bangoli,Raipur,,,,
